<?xml version="1.0" encoding="UTF-8"?>
<beans:beans
	xmlns="http://www.springframework.org/schema/security"
	xmlns:beans="http://www.springframework.org/schema/beans"
	xmlns:xsi="http://www.w3.org/2001/XMLSchema-instance"
	xsi:schemaLocation="http://www.springframework.org/schema/beans
           http://www.springframework.org/schema/beans/spring-beans.xsd
           http://www.springframework.org/schema/security
           http://www.springframework.org/schema/security/spring-security.xsd">
<http auto-config="true">
		<intercept-url pattern="/" access="permitAll"/>
        <intercept-url pattern="/admin**" access="hasRole('ROLE_ADMIN')" />
         <intercept-url pattern="/manager**" access="hasRole('ROLE_MANAGER')" />
    </http>
<authentication-manager>
        <authentication-provider>
            <user-service>
            
                <user name="admin" password="admin@1234" authorities="ROLE_ADMIN" />
                <user name="manager" password="manager@1234" authorities="ROLE_MANAGER" />
            </user-service>
        </authentication-provider>   
 </authentication-manager>
 </beans:beans>